y_true,FinBERT-only,Technical-only,Ensemble
0,0.26077241023198966,0.10413941736610002,0.03494087001187657
1,0.74699625270093,0.4789961763870919,0.487591034701002
1,0.5815587528305199,0.44699314121133304,0.4903642533388458
0,0.09913582518054326,0.19194536022042608,0.2168492397086092
0,0.09466494519903246,0.27330334306352516,0.042689137473368007
1,0.6984057120973786,0.4413011501853682,0.7483338112755932
0,0.3266275053695642,0.13229429682194668,0.2639950302282623
1,0.44211123194165003,0.7221538470356602,0.7369331003833084
0,0.026623542782071265,0.01942771593878323,0.1841211844101073
0,0.23777346550258072,0.1843078420958265,0.3488370240317037
1,0.45846929767707933,0.6346232166387111,0.46546128603045644
1,0.7298656761825366,0.4101816046229896,0.5904427374651396
1,0.5241338695696298,0.36894960800219273,0.5633778341281727
1,0.4575487731884571,0.4052821486554123,0.7820259245494243
1,0.7683881889949802,0.7175292774122731,0.6519013354741575
1,0.4662126890941113,0.35370391272844937,0.7321668379056538
1,0.5138880329351743,0.4253287899245407,0.5096194177804816
0,0.061445358076823456,0.01251340516065782,0.3425219503651536
1,0.446196025466142,0.3942517870248813,0.6245238414067102
0,0.008459206534576014,0.2480597146513185,0.172785226694726
1,0.4221581636657041,0.4466555634956343,0.7898096549910083
0,0.06985658837434108,0.22768482017227074,0.13325632642600074
0,0.021352773050870157,0.23607815310645047,0.1391337585942475
1,0.6364575264443886,0.6897741332359116,0.6546634459817278
1,0.6722858107198026,0.35189655716474955,0.4948184136917254
1,0.5574521827328114,0.6913477837369467,0.5623799692441492
0,0.12719643878081976,0.24764763457078962,0.06762291285579568
1,0.601810494808892,0.415097394441983,0.4861492176874674
1,0.7500019768938435,0.6591749552541136,0.753150612215857
0,0.3404526507288824,0.3421966167162343,0.2062659081446166
0,0.01739002480511678,0.10170539350166292,0.12553547703476892
0,0.07259936383860964,0.36751747236107235,0.14303428207834948
0,0.09469794844175841,0.18178297211946315,0.1510316512905741
1,0.49975503033288476,0.5913697817333285,0.6716022137506483
1,0.6284930606971091,0.7438598134470574,0.7743692870211476
0,0.16650497028127692,0.14461443145567973,0.32647286687994387
1,0.4197016479710376,0.6752637383280451,0.5870221928357322
1,0.5494456553838287,0.47735964713138385,0.5652418608592193
0,0.2095011794870549,0.3196854088965964,0.15786627506483925
1,0.4406687611614864,0.590293567545057,0.6487769806499724
0,0.3333834215154239,0.08654227809016057,0.16163626900741188
1,0.4207847465860417,0.5156104375156946,0.6805636934358453
1,0.7699367476072249,0.47705425374542465,0.6440396581829173
0,0.039645256631950204,0.031243357232145552,0.11225044134292662
0,0.3374299806391011,0.011933908039878994,0.1210057820169214
1,0.7610612575710469,0.48859146216287236,0.5825074756459059
0,0.3918282722346371,0.007613659126994632,0.03312391888728604
1,0.7208103521094374,0.41619510303271,0.5081219213448906
1,0.7117910163085316,0.6400733283403475,0.7030898307508852
1,0.6569933103982191,0.6332364942734352,0.586183849032728
1,0.7115985418312516,0.6454321545829531,0.5250886403960503
0,0.05382088336525884,0.1268612684519915,0.19693534370120003
0,0.21442721437905493,0.35600778284707824,0.2644388398656995
0,0.20568914807616578,0.23753221921137904,0.09009782682088
0,0.343028857649023,0.050410536698650615,0.2893764586733105
0,0.18511974623740635,0.057487464582213654,0.3246267008687673
1,0.5540357984401414,0.6272381707718806,0.6590880851758443
0,0.25582530849484403,0.06917757457683123,0.23413168064705284
1,0.5065853270003384,0.5529170806328173,0.4684015966130694
1,0.45590736438158275,0.7467097903714843,0.7809319618576673
1,0.5911509096094983,0.3516030418933358,0.5873696569927304
1,0.5667557474379541,0.3566319207590227,0.7733651401909005
0,0.09302797621154948,0.39723383277220264,0.20264213366258488
1,0.5470047240460513,0.5838555336536662,0.45161657959516466
0,0.14655697993049896,0.050763990207405255,0.0134896997632025
0,0.13099822576501818,0.35892087990163746,0.23814658198447267
1,0.5517856318907717,0.7021521200510769,0.6469338048411766
0,0.27429733818237817,0.2144801652445501,0.00928635302212602
0,0.11875058982851412,0.24871681194430262,0.26021098642783486
0,0.3795431706861362,0.10927487660035054,0.2982508679742136
1,0.7665392078152712,0.37020787854880205,0.6237461188537579
0,0.19236417132003145,0.23782704355634576,0.16301510412503922
0,0.1313444820018755,0.1179020772811052,0.0019155880921196188
0,0.21417391593200127,0.26544841866414076,0.27532739937275974
1,0.7394241955094498,0.6844980707370405,0.5657506233611369
0,0.26103493622404084,0.007264217565745624,0.30756726692388886
0,0.32175673117883097,0.23828550987429098,0.13057120564531857
0,0.21308891042629607,0.0925122158747409,0.19777726872074694
1,0.6531670517070483,0.6995553991615205,0.5446196258697646
1,0.5152622456729847,0.45146580262473135,0.5062059094047215
1,0.6939572649241164,0.5943080532941674,0.7212177661834648
0,0.08096183725028734,0.2214163360358446,0.17380666759619856
0,0.2779192515273993,0.15846660002369958,0.18777077331328776
1,0.7442876273303577,0.6210483054399176,0.7878955837186075
1,0.4528411349206176,0.6403078538861735,0.7872529692777538
1,0.645751896216768,0.5767751181277547,0.7494747425958412
0,0.038038299291973846,0.3033688948739017,0.06566325246776175
0,0.2902862513085708,0.39336683039717507,0.20799544300555295
1,0.4337972875294081,0.517708955160322,0.7573515986294381
1,0.7743759290802504,0.5558332207542124,0.5810623777571282
0,0.05496317201512087,0.004987951176485295,0.03538715807745474
1,0.7835520983636322,0.6684114225241513,0.7338370157839726
1,0.7203536704340388,0.5580920268183975,0.61861724297676
0,0.23747280178654165,0.1631845721442261,0.19753743812571248
1,0.7130496418518188,0.3876287852357583,0.7937505037112456
0,0.31804593559323435,0.3558625686701589,0.21252400067292523
0,0.37841082512693214,0.15800289601622258,0.14874278498313548
1,0.5013533415356749,0.6230326392836881,0.5794945287465192
1,0.6360303581433238,0.4097496625472603,0.596166752428916
0,0.03801967902576049,0.384619851816413,0.041439679112534065
1,0.6464662800096486,0.42137670472873234,0.7281626954461502
0,0.06851652163711552,0.07981679715979616,0.29320090036546437
1,0.6259802445889768,0.6935931442230855,0.5495389971006931
0,0.2289722056135399,0.3650330976567725,0.10632881644348043
1,0.5863940611924909,0.43485896300932053,0.7560169897171847
1,0.6090527102052492,0.5379203552699312,0.4583896244347844
1,0.7055693560026353,0.643397961825132,0.6321601053185297
1,0.7196978866048267,0.7013462935243207,0.6122865001385254
0,0.19686128623017166,0.15162107801492208,0.2415443693524609
1,0.6398373766090449,0.5568077947397717,0.5071870950523091
0,0.37249449427604076,0.29668656420789397,0.2339157592783038
1,0.4478934354004491,0.6424543906611182,0.5818569027562067
1,0.4468414263600442,0.663184052010434,0.6665501723593747
0,0.035083604764307365,0.22797352745661056,0.014033253455471571
1,0.6631453140162111,0.39184603872191004,0.6116045190145782
1,0.5674433203161519,0.711589316351216,0.6327878128938302
0,0.3097285664567373,0.3462290157284113,0.07501424099924531
0,0.26849256532343707,0.3192389743273332,0.048868278962692246
0,0.13345510333129526,0.0399449908642918,0.06596600605430548
0,0.35934661894461434,0.08175894683257168,0.1204493773221718
0,0.30501285882826096,0.2974401460430608,0.03388355225674
1,0.5082139763640703,0.35925603783277854,0.7815619285053615
1,0.5456768071088216,0.7416898534829118,0.5917479215235361
0,0.12577599208170517,0.1508578721422723,0.28313936087736213
1,0.4630446594499999,0.6377250134763295,0.7910459930880963
1,0.45911334901687667,0.7050284353952173,0.4782573480009587
0,0.37445098535029764,0.15785195526003293,0.2280843137772479
1,0.5751616148795013,0.4776529954398664,0.7549931803594249
1,0.553327929110964,0.5934964515592986,0.6719820518883549
1,0.6918742834709513,0.5823957494992202,0.6001591424750945
1,0.62119722610116,0.5136559910499189,0.6008767251732784
1,0.774455994735385,0.5907099023470834,0.46256461010257566
0,0.3121205975637569,0.3741525478265979,0.18711026295124636
1,0.5917478256498162,0.5370561026506386,0.7977400488753965
1,0.5505437893923305,0.4286968723002525,0.7855476340901769
0,0.39465261796972884,0.15088239315320157,0.014139730094757113
1,0.6871040944014575,0.5076427930372475,0.6970289512703208
0,0.3804778640015365,0.05244347721048795,0.10561770334392578
0,0.04739143088681655,0.06514860022182196,0.3160462036921478
0,0.34021347167631305,0.27382482935747093,0.015790160998247486
1,0.654829553596483,0.4857911016835611,0.7775559357038782
0,0.048768671334045034,0.38195935674232306,0.2931165103257219
0,0.23530319998768828,0.09743869814344297,0.041126533788410524
0,0.27443854604217954,0.03956980204192893,0.020938518061054717
1,0.40492107435544117,0.6514018252001031,0.7421476825144275
1,0.5817271847366987,0.702414420767148,0.5045151848411028
0,0.3301598044785285,0.11124534274859516,0.18721435354155466
0,0.11814361013763595,0.0808352406581912,0.3205107002575483
1,0.5834192327194205,0.42430645394843486,0.6486068397422632
0,0.17692565082715728,0.20880492054660493,0.13903165551548843
1,0.5207709565769967,0.5373666564987084,0.6057556191988973
0,0.36737675820622173,0.1037759359418137,0.022091009746354855
1,0.7125176141726064,0.3680692467957705,0.7890633124765596
0,0.0442353643984442,0.1925965361305123,0.10872896477837897
0,0.39881386313502926,0.3837329390542434,0.06627722208549883
1,0.7516800097230981,0.6110076803010653,0.5501165556441383
0,0.1135633751456156,0.1982026226514474,0.3375306182120176
1,0.7347586318643753,0.3942768296118464,0.48300011872080245
1,0.44256781274855317,0.45097451621983486,0.7535560641754135
1,0.7996418921896955,0.46790957982981707,0.6977453630405067
1,0.6662738944426148,0.6559214210428937,0.7405067127056598
1,0.6600500062235188,0.7006843189058477,0.7915641391287638
0,0.0361762907936531,0.3606567414265754,0.2947541294309051
0,0.3588133595586501,0.39382744330030167,0.33018382294724846
0,0.01159980128178777,0.392946673241813,0.04442733987682192
1,0.49633122321645884,0.7311996531071926,0.7285259978084395
0,0.057208750066654004,0.028728856201153754,0.1909864929283667
0,0.31070717627688743,0.05511741437112208,0.19022345827795123
0,0.07928169088515916,0.12178661059041317,0.31462255171217973
0,0.36425529085235414,0.2211593016257846,0.3401313365263489
0,0.26250761573099607,0.038791155482191725,0.2466934130651133
0,0.014465084197878487,0.338318783120857,0.16902843631512435
1,0.4021719336514802,0.5967024716309236,0.6097413502656459
1,0.4206631668057596,0.566945760920882,0.5852195100281137
1,0.6423700710590912,0.41612452934691646,0.5765596603504319
0,0.3205927243437661,0.10130218976007895,0.137027394589551
1,0.4954211282509554,0.4141248099929032,0.48141363233791834
0,0.3397635371692292,0.34077326311791944,0.027102629841153372
1,0.42289277606130415,0.5836911440244873,0.7229544453553092
1,0.7203855414566706,0.6440517710078533,0.6061255125220791
1,0.7711181720689122,0.4684131451640103,0.7757395709906172
0,0.30884335964175225,0.14850105483531087,0.21427735300788334
0,0.2792483135914549,0.16194198577061353,0.012311593764546913
1,0.7351920874621533,0.654005988697614,0.5051331694611179
0,0.016060519818826568,0.30894119506982726,0.07203692755455264
0,0.08071284428762215,0.08272541100561269,0.3415076085363812
0,0.049969471722257235,0.3766155426952396,0.0765464791530722
0,0.20181239607719462,0.04826213497747456,0.18051448670081793
0,0.29807525133153784,0.3584488329694522,0.32766192607406863
0,0.2520047378305595,0.040158258259923724,0.34201745547002504
1,0.740452439904774,0.45581592446052444,0.5327261523842406
1,0.46208519697643635,0.6885914144271827,0.4671911753125141
1,0.6938484367740647,0.42179682893843495,0.5037606413882155
0,0.07721659634756164,0.16542717252398795,0.02216496754589533
1,0.5083035005271201,0.5299437199776504,0.5182934843823177
0,0.28396187891252156,0.09810358920928386,0.19899940014630738
0,0.3920819139594727,0.2840980805343946,0.31935707870347463
0,0.24461744239082783,0.3405338597608816,0.18802660929301898
0,0.02180012599651824,0.3498300559422287,0.21909634484467824
1,0.6465235879710132,0.48572885829462437,0.5206535380633394
0,0.01694022063206684,0.2123401577151258,0.2802042672358475
1,0.7536582845467269,0.4493625615462606,0.6662261179769542
0,0.2838313140402483,0.09791860062005818,0.30244789021745366
1,0.4692511385690013,0.4145016251407696,0.7820950874520245
0,0.03668840232967923,0.3760076043230059,0.12176527151480729
0,0.0734132915521276,0.355195531442232,0.03170267048740377
1,0.7920108718216771,0.6609434853310769,0.5290751352708739
1,0.583424256983396,0.5570646085150917,0.603244547986543
0,0.3136323793365632,0.19624316620474877,0.33099277813856565
1,0.6545633368431107,0.5618982664729992,0.5824084378306953
0,0.22896525998345496,0.21462720543083572,0.2697706247828795
1,0.4580521018660199,0.5238252338790761,0.6391668422597643
1,0.778409781423238,0.40270193315682695,0.5139830696508418
0,0.12053705300588718,0.0502655411474144,0.11225694163370806
1,0.6312068863230169,0.7308998863382733,0.6786171597579865
0,0.27991037783562644,0.19281230383454023,0.2354986881397127
0,0.25969326209812355,0.3812822099620756,0.15216591138316615
0,0.3762377638782074,0.06543075108404399,0.08002596093174012
0,0.0593755959680232,0.22176662081597343,0.2526673728294367
1,0.6033410953787769,0.43308690134061567,0.5091055645644502
0,0.1616137562963064,0.10127384245064062,0.3278343921527943
0,0.18966749179304726,0.012021831504471515,0.06576625266276684
1,0.44768701047909787,0.3975813242960845,0.48755932699138216
0,0.05363784394910614,0.3667393630516783,0.17417669582788256
1,0.511230218312503,0.47861319659293267,0.631842359338393
0,0.12188184150433252,0.24325168476583664,0.17786752017238566
1,0.5711612854725401,0.5360056527957092,0.6028336212685939
1,0.6443950188146513,0.5101804980981113,0.7981852124903629
1,0.6538516469673052,0.5627544365384273,0.6201982144347037
0,0.1647243586342281,0.07489557784613661,0.16728130325894083
0,0.16351324377147886,0.39544155940783066,0.14761812195009644
1,0.4870514106787848,0.6773231474815452,0.47338901414551204
0,0.2353224993636033,0.2966458530926061,0.2075348209023656
1,0.5268163645268952,0.537503718805581,0.5297887202781139
0,0.014423933710945481,0.061150848850534394,0.22316314308016744
1,0.5673600176627442,0.7182663433094272,0.46779171168196704
1,0.5896530700360681,0.48655482695269103,0.7934854854385506
0,0.0902371472816844,0.020042675878773508,0.16415177765443525
0,0.2289831732488463,0.13696147072425147,0.31386438005674444
1,0.6263087601727684,0.6677828121983538,0.6164464106315272
0,0.2808008724441486,0.2490834979952833,0.021115786500977604
1,0.6591793928804841,0.6503354338979439,0.7377747411328324
0,0.26097322260841266,0.317454153544951,0.226864305383497
1,0.5264856607296173,0.434781844432217,0.7236149666508809
1,0.7149728887943816,0.7195133264372721,0.5998594522281057
0,0.2196577534398718,0.17519584116814904,0.2232778604863257
1,0.5725672780719561,0.6056054597056658,0.7496801513288126
0,0.25040499237642283,0.0009235090346968012,0.2208729050051606
1,0.5442629337801017,0.7473473993644713,0.5716857721925661
0,0.20509569784270332,0.11235855438566206,0.23188535802816992
0,0.2946822753928881,0.024825242616062095,0.23514896601492355
0,0.3545611546894831,0.1833048166146056,0.33620543687731874
0,0.3684228789180767,0.0516120228728167,0.1298193125395842
0,0.2014531700732397,0.06093068406303029,0.1487786186299459
1,0.6081100458962276,0.6029131252120841,0.7342430364154707
0,0.31994816430553463,0.15717095662809333,0.17701681015995943
1,0.5257802766976806,0.718740980061998,0.7078005825905065
0,0.33495294493802746,0.12766259784322803,0.16089831255875722
0,0.19765665860696938,0.29047205135356047,0.07542329963444516
1,0.4463426897341074,0.534439772061963,0.7108213449733538
1,0.4288236588291775,0.6139805204517115,0.49590430921464845
0,0.33679728441578527,0.23987814268639618,0.06950428223595782
0,0.02222716676275116,0.1891135891035993,0.219388743974473
1,0.5122445744534624,0.7300244378497749,0.7115444300672245
1,0.5336520162006184,0.48708545710198237,0.7631407604037352
1,0.46919777807663754,0.420894200499709,0.545405274095562
0,0.1255573479207957,0.27123762435193133,0.03875349051019402
0,0.2970770266900343,0.3384030245231635,0.3346163308329202
1,0.4058731374240283,0.36610149597596947,0.5040480808077499
1,0.7308693698082747,0.5298530753690722,0.5191834437891238
0,0.34261920942982327,0.3569950758749305,0.101965308745463
0,0.14890462927661927,0.299847447569147,0.1852869739092006
0,0.061445159624253926,0.3967230865990513,0.3089889481119273
1,0.6403361631780324,0.5625655246388975,0.7161911079554535
0,0.04786902234595774,0.2639982875204605,0.24785514384492227
0,0.145967744431301,0.12099211245517126,0.061313198749601276
0,0.383371672360389,0.37901423986639693,0.125188921034091
1,0.7981857890334549,0.4965341954226145,0.6174417241303373
0,0.3088419565418343,0.29540428507465144,0.051599083719955044
0,0.12438460396830649,0.16125608164763278,0.09570039574433536
0,0.275066019666437,0.22472757202519975,0.10791662138349548
0,0.2821625461936051,0.2879130140086185,0.044546669415163734
1,0.55513667806546,0.5535736607005417,0.6425838921678901
0,0.2563554538344638,0.36283453076380345,0.2467598687834675
0,0.004291057990270498,0.1677203951711241,0.024476071016901423
1,0.4836230634408966,0.6088287192573301,0.6183930856171024
0,0.2100353211869045,0.13694497332002165,0.2737739183437282
1,0.46550052170331835,0.5132626672924052,0.7117965451333563
1,0.4663627471506135,0.526020043293421,0.7352755836765639
0,0.3345217162200952,0.0503228073249141,0.15688422160971244
1,0.7956532010734423,0.3866894716236027,0.7371949789239512
0,0.22238777121137937,0.26699596925870317,0.08426357492499431
1,0.7356278923526854,0.612207095337221,0.5762836964961304
0,0.39612866573050903,0.2651638856840381,0.06172445174623045
1,0.4566383554275099,0.35790657813707666,0.6136195888000001
1,0.5792982453017405,0.48061873706871194,0.5872210078454051
1,0.557029086336768,0.4291239389036787,0.5343244907450093
0,0.03201971345847401,0.31126056901760496,0.26312324823077354
0,0.3021320691178978,0.3442521605584521,0.1098463702390763
0,0.17351161092903722,0.09867215089045894,0.09548151555104249
0,0.18773077367616053,0.26713966353919455,0.04581161579767327
1,0.4602691895252961,0.40174512138330976,0.603587595630682
0,0.07237066089234725,0.11006101024068533,0.1060376200930557
1,0.7628414488624861,0.4054617984933678,0.579245494469339
1,0.41785963558971156,0.4634083066396917,0.5325990419171934
0,0.0931409139774825,0.2698946189397112,0.2671044214369651
0,0.11682373212581135,0.364130764074101,0.32550117157415104
1,0.5960790169606346,0.43100896316967435,0.6242761484761107
0,0.2345780692059184,0.2168316139802877,0.22504944816929137
0,0.19731599034026664,0.28055644049737294,0.3035102968123471
1,0.43364613382275286,0.7311689873942263,0.7995903730667805
1,0.4974669816222854,0.5940241931548695,0.6647307696554412
0,0.3374353539050165,0.10204277241095228,0.31142281328895405
0,0.2550354801913836,0.2501912627655745,0.31801288629447466
0,0.25965962005370974,0.12819646467120646,0.2770080207326678
1,0.6680813021405421,0.7404513562766831,0.6113259868755886
1,0.7051612076158117,0.5098704540654547,0.47840390014836476
1,0.42324339268857897,0.6241710883044056,0.4555319444040469
1,0.546643353973045,0.35929103293870335,0.6170202216490236
1,0.6158109741046716,0.5100245784539021,0.6230100867371162
0,0.1353825933189304,0.35004304532900465,0.1425768357520403
0,0.33779154931487465,0.24409097777329836,0.19885857295197756
1,0.5930290034349176,0.5275771545583905,0.6432569461565495
1,0.7074510357837517,0.7243749997742903,0.7428145643614426
1,0.7408062067524677,0.6915937504588916,0.4880299861417918
0,0.20191659316139923,0.1288862695291753,0.07881218313694091
0,0.36382089754853997,0.21781936081653586,0.2775517426358706
0,0.23484957621479224,0.1959297024369851,0.2967429035282791
0,0.34010971953348873,0.25288100004594494,0.3481884747673037
1,0.5362363182366098,0.48364450678350224,0.7555192057354794
1,0.5995267834125941,0.4476820003063553,0.7614646524753159
0,0.2125644164018311,0.36506873410221446,0.11002177992046669
0,0.04199188635842824,0.36954979979940256,0.14058157190328172
1,0.5594210026806163,0.6873291543047916,0.5438297866871928
0,0.36693506902067047,0.39128177230582456,0.21220478936745046
1,0.652332896145897,0.6479966103118754,0.7785818739724635
1,0.471002632974787,0.6558668914247998,0.5706243102790662
0,0.135542254243842,0.3050360367850563,0.19495062365850757
0,0.07664120386507994,0.19224305237692263,0.10370487065871976
1,0.40992925271942904,0.5325808778057086,0.5094299908204476
1,0.7709841834016107,0.44609051045960124,0.5183149354365295
0,0.1792829313027486,0.2579276777437162,0.020280870588345476
1,0.5230140289683145,0.4657280544409338,0.7822527330532401
1,0.6393908766230947,0.45312336388094177,0.5910078629776704
1,0.4029257825172063,0.5843845496384219,0.7419423122007378
0,0.11120884264032554,0.16399295529001728,0.23846531544139188
1,0.6812133862795571,0.4375426435178529,0.5171724064938799
1,0.6535079092277052,0.6764224067011324,0.5114117863026807
0,0.39272237901701423,0.34422796771775044,0.28419587052869066
0,0.24814308386321762,0.06707980787111238,0.09264909871683807
1,0.5910023494510932,0.3530028131199999,0.7696498142956916
0,0.3045730252736031,0.1344519874117495,0.04901939164132171
0,0.3613311487856212,0.319004334272301,0.23719801505906432
0,0.28827837868734063,0.3356695464937298,0.28506585661082684
1,0.7852844894197519,0.40533162804641965,0.5323397359454758
1,0.7128020682952709,0.6597343604732204,0.5466725772097981
0,0.34672057530477063,0.04628166692377178,0.33758161014872057
1,0.4456416284734549,0.5060250360626117,0.5426091618711554
0,0.2929654011975151,0.39944380600476637,0.15048496746501672
1,0.5760354798109475,0.4270363292923639,0.6013804576348282
1,0.6212415209645101,0.41158543303105055,0.5385621624753892
1,0.6616409637929428,0.5191201330187174,0.7215268802529817
0,0.3879260466822278,0.24786741038794458,0.2701472701302043
1,0.7938312325726499,0.7231603129653013,0.5824113049783249
0,0.11529129819516211,0.3923284582132137,0.2922940268782568
1,0.6935013989751665,0.3778562546365578,0.5245762270396508
0,0.29999341517410744,0.05519900693916213,0.0015070214836875261
0,0.1385971445252195,0.3162951895583976,0.19990857671950935
0,0.04954790994568841,0.10825286090834418,0.34792722035833246
1,0.4163787841142879,0.7039396238025443,0.46352550843940965
0,0.31093725101167147,0.2653813028916347,0.0727993257979612
1,0.5958798967267624,0.39473792095227084,0.6316201248704795
0,0.39421606779797047,0.3330117139696029,0.2834792577557047
0,0.18598938247746122,0.07054255200323034,0.031164701776268625
1,0.7911667916295362,0.5193981578718615,0.588332128815613
0,0.16463040087762396,0.220873971423732,0.2614765302204602
1,0.717472860223989,0.5503064596321113,0.5800401229422265
1,0.43392770892473287,0.6244651662460601,0.5160927471664737
0,0.22218468405510558,0.2610746939477021,0.06842353958880557
0,0.32082391479428973,0.39681680221122195,0.14351707542024797
0,0.3698806668879555,0.3997687636896752,0.16779597618206188
1,0.7290332362469727,0.5565837610542563,0.751635046235605
1,0.4147882908804697,0.3880796347843456,0.6747883464987977
0,0.1490809365226937,0.29113731958748734,0.2416406840804255
0,0.01947938892554051,0.3906656312866357,0.34404551003756745
0,0.0437129164458232,0.12733055505160815,0.1441452041053408
0,0.27012225146699365,0.18448355433502953,0.1411740411371949
1,0.6853032785246793,0.5199107699261823,0.7731714387040343
1,0.7094882731006505,0.37056766182277173,0.5360564554517705
0,0.3461826192222652,0.2689057724893779,0.25543533620600334
1,0.695772587390604,0.4913350780273871,0.7141005983763471
0,0.32034863684265286,0.3149855498526009,0.03422579910590508
0,0.019585483929311698,0.33284803011279446,0.16388099199275438
1,0.49381406017651946,0.6784923146391382,0.5201968649625439
1,0.6487591093500984,0.516666399215952,0.51488134548087
1,0.7432501218499293,0.47861827289635983,0.6123398386620067
0,0.0018000499758636492,0.29952831186682194,0.10130039762782272
0,0.20585173684653993,0.3205557735370892,0.2786211566690548
0,0.2709149597457589,0.19650297855654647,0.3176617119866688
0,0.011842915651445286,0.35721240781452124,0.28095221185092795
1,0.5605422230213553,0.40756347843142327,0.5431108054175828
1,0.7582539525534788,0.7016275118635841,0.545947037791013
0,0.2686451235423435,0.03843809318875251,0.0891549225411136
1,0.49506334534423896,0.41141020882184554,0.4972633336196826
0,0.34111245185276506,0.21353600530958416,0.3303294288362989
1,0.5392125693638058,0.377007392074966,0.5907167293549742
0,0.3413378684576238,0.021122840560044143,0.0786413160910558
0,0.11957746044756222,0.00020749766628220813,0.2963348676778852
1,0.6361281003532596,0.5245266638777053,0.5897183559302267
0,0.15877602709913363,0.30984955251689195,0.012290883888383302
0,0.10993002030202681,0.013935340111966267,0.05667954958737091
0,0.3546230248687477,0.26090304258634217,0.22373761912465948
0,0.07503747277579653,0.3292509269664746,0.27401684596010334
0,0.03392463649430524,0.06720033943114845,0.07382703597104952
0,0.13677077541826416,0.0587454939285617,0.32108845624314974
1,0.687055659056627,0.6943203894482144,0.7478489920182576
1,0.7229726423905127,0.6792498439800378,0.7469332639213784
0,0.39949734802670595,0.21557670650567476,0.07968140137972493
0,0.11854482280446597,0.3276799517175921,0.017687596027520194
1,0.563176780452513,0.3871024309697979,0.7535982388189042
1,0.45472851121185054,0.5077926071755018,0.5570300800584986
1,0.6299487718492135,0.6451190224425492,0.666620733410734
1,0.799032014905167,0.45298078372958533,0.7159884092952555
1,0.6803524040482634,0.6509315657734212,0.4949026404788921
0,0.2380851361653487,0.20167144175632556,0.27329342408166674
0,0.15694763716871762,0.3001063951792933,0.328479010636373
1,0.7661195041142219,0.5358718551429318,0.7049312380112431
1,0.5987666384521398,0.49716173608872705,0.6044279619681954
0,0.0537467653252246,0.08767568659145293,0.30683734856309597
1,0.5461513852796535,0.433351736574006,0.6346101705253957
0,0.02686666753910676,0.3005963242285584,0.2606698247358639
1,0.48079161507551266,0.3975641392135842,0.7371770803505114
1,0.4070675123999649,0.384392940044378,0.7122735015946521
0,0.18131196660006538,0.07051654600885207,0.10074920661685388
0,0.25381610598071885,0.07013860458156876,0.04124536531704087
0,0.1373169849515631,0.3292430491227599,0.08341848527672104
1,0.5681527086021109,0.5094026493896849,0.6260062279431237
1,0.7836837091378304,0.7461553829441929,0.6268469228025836
0,0.30078524862996625,0.05488450311624496,0.20392552226008814
0,0.2163426547779805,0.26141593027745735,0.13828564314176178
1,0.5138163500447301,0.5294918028805002,0.7254119835075097
0,0.3587987195091981,0.1571672706788296,0.3196038126215227
0,0.0940388467522638,0.35003367962163295,0.08635376871781494
0,0.13013709220667083,0.3902382583313599,0.2577831261956608
1,0.7636259257691794,0.6991435835096715,0.6872901483907656
1,0.611816822114029,0.4269202716140532,0.6330816747477602
0,0.2969271797671907,0.08831916848357363,0.06598558185595607
1,0.6362979176655065,0.6124295516380254,0.7283312905039483
1,0.6613756836037981,0.4656334326552767,0.7862191999700914
0,0.11975331660593024,0.293890052312232,0.2526427162817647
1,0.4965488246506652,0.5765682603238579,0.7712509988190068
1,0.5289969388674661,0.5703635073961612,0.7944648427318
0,0.06217662563336899,0.33141876993551433,0.12321773598373335
0,0.349725746116323,0.2842131086970711,0.2233782435242179
1,0.5132987733000457,0.3606311059989167,0.6158764581733273
1,0.6245957577657539,0.36978365485840625,0.7953200614021305
0,0.3167897700565496,0.2406233809824063,0.03283273840270372
1,0.7135296437502855,0.5444768302489102,0.5943312200040286
1,0.5753545034336772,0.4540738621371965,0.7564386655845327
0,0.19050292343469027,0.16746243492592067,0.0994179586842804
1,0.79788069957401,0.6531641274931442,0.7257274977236055
0,0.2698389907916096,0.330644593863172,0.13397410697308948
1,0.7258553772471531,0.5744892271560177,0.7929924889615554
0,0.36102158768769277,0.1541477923428412,0.3092354427482976
0,0.3150359344917357,0.10827870459804281,0.10546212518191536
1,0.47407173798142704,0.5587673883077013,0.7195675897382493
0,0.2248682934950289,0.12589984742575241,0.11789979034164404
1,0.440757662925818,0.5756380548188892,0.6622269940754373
0,0.26116885062559936,0.27066095300385506,0.23046826893765215
1,0.7821397712751245,0.3764316843677579,0.7403583931799967
1,0.6050928257200445,0.3504269860090989,0.45855779430870525
1,0.5731889971471069,0.43491085553629716,0.5270552619033049
0,0.014337100567265271,0.35780459908751244,0.24917123370600253
0,0.38390980893168813,0.25851630529142366,0.19723313293933806
1,0.4412010736520635,0.41878414077480913,0.6234617773704001
1,0.4164316373219388,0.7061055847294475,0.4693234848477932
1,0.4984266446019754,0.537982376114936,0.5718965592115097
0,0.026212173567352972,0.1904367026714643,0.3027850811687269
1,0.582047136964705,0.724216777537062,0.4608124929626113
0,0.20643512050284496,0.02379467687333601,0.13875268237768423
0,0.12502797961143358,0.08607130985148742,0.3308019006847704
1,0.42038419302995444,0.584308530061889,0.46780825709075513
0,0.04464014729969068,0.07819460383280163,0.26239701286562284
1,0.5538017511959713,0.6218108036835831,0.5401644156637128
0,0.024211380330614454,0.08563691573468808,0.30331309125378536
0,0.2792758902439654,0.03966278823952574,0.26112379263577773
0,0.0828082166099248,0.0827940638563359,0.309996809800427
1,0.5208286275134555,0.5190936137088249,0.5255736766509431
1,0.5576503108712391,0.42045531966923194,0.6359524641865117
1,0.5666438532276592,0.4038768099693389,0.7227444802511802
1,0.40066428306992025,0.6941127544875764,0.5359949100482433
1,0.44482814839947904,0.47815888143892316,0.5307612068435259
1,0.7451058254963513,0.4943034746073014,0.4595137467241548
1,0.40049322500476325,0.37210816380049105,0.7854803528914083
0,0.20326694232515005,0.14294784940082167,0.24850590801911818
0,0.19580080260288324,0.10592287092863187,0.2224461239035647
0,0.13323766440425514,0.24419402693671544,0.2603981529432468
0,0.17253080805857987,0.08215611906896268,0.18606452154340378
1,0.7122324550106338,0.7053461812251363,0.6166468373816436
0,0.3364814824859826,0.3718666483678221,0.1573362843932323
